{"train/train_loss": 2.3057079315185547, "train/epoch": 0.02875399361022364, "train/example_ct": 288, "_timestamp": 1686019707.0319884, "_runtime": 248.14079642295837, "_step": 8, "_wandb": {"runtime": 273}}