{"train/train_loss": 2077.4306640625, "train/epoch": 0.23, "train/example_ct": 2300, "_timestamp": 1685903754.5011256, "_runtime": 2484.838790655136, "_step": 22}